rid,block,task,design_set,alt,position,optout,choice,cost,location,hours,care,food,operator,inclusion,cost_kes
1,1,1,1,A,1,0,1,KES 60/day,5-min walk,7:00-17:00,1 trained caregiver per 10 children,Porridge & lunch provided,County staff,No special accommodation,60
1,1,1,1,B,2,0,0,KES 100/day,15-min walk,6:00-19:00,1 trained caregiver per 5 children,Bring own food,Private operator,"Physically accessible, staff not trained",100
1,1,1,1,none,3,1,0,NONE,NONE,NONE,NONE,NONE,NONE,NONE,0
1,1,2,3,A,1,0,1,KES 100/day,5-min walk,7:00-17:00,1 trained caregiver per 5 children,Porridge & lunch provided,Private operator,"Physically accessible, staff not trained",100
1,1,2,3,B,2,0,0,KES 150/day,"Inside market, next to stalls",6:00-19:00,1 trained caregiver per 10 children,Bring own food,Joint County & Private (PPP),Physically accessible with staff disability-trained,150
1,1,2,3,none,3,1,0,NONE,NONE,NONE,NONE,NONE,NONE,NONE,0
1,1,3,5,A,1,0,0,KES 30/day,"Inside market, next to stalls",7:00-17:00,1 untrained helper per 10 children,Bring own food,Joint County & Private (PPP),Physically accessible with staff disability-trained,30
1,1,3,5,B,2,0,0,KES 150/day,5-min walk,6:00-19:00,1 trained caregiver per 5 children,Porridge & lunch provided,Private operator,"Physically accessible, staff not trained",150
1,1,3,5,none,3,1,1,NONE,NONE,NONE,NONE,NONE,NONE,NONE,0
1,1,4,7,A,1,0,1,KES 60/day,15-min walk,7:00-17:00,1 trained caregiver per 5 children,Porridge & lunch provided,Joint County & Private (PPP),Physically accessible with staff disability-trained,60
1,1,4,7,B,2,0,0,KES 30/day,"Inside market, next to stalls",6:00-19:00,1 trained caregiver per 10 children,Bring own food,Committee of market traders,No special accommodation,30
1,1,4,7,none,3,1,0,NONE,NONE,NONE,NONE,NONE,NONE,NONE,0
1,1,5,9,A,1,0,1,KES 60/day,"Inside market, next to stalls",6:00-19:00,1 trained caregiver per 10 children,Bring own food,Private operator,"Physically accessible, staff not trained",60
1,1,5,9,B,2,0,0,KES 150/day,5-min walk,7:00-17:00,1 trained caregiver per 5 children,Porridge & lunch provided,Joint County & Private (PPP),Physically accessible with staff disability-trained,150
1,1,5,9,none,3,1,0,NONE,NONE,NONE,NONE,NONE,NONE,NONE,0
1,1,6,11,A,1,0,1,KES 30/day,15-min walk,6:00-19:00,1 trained caregiver per 10 children,Porridge & lunch provided,Private operator,"Physically accessible, staff not trained",30
1,1,6,11,B,2,0,0,KES 60/day,"Inside market, next to stalls",7:00-17:00,1 trained caregiver per 5 children,Bring own food,Joint County & Private (PPP),Physically accessible with staff disability-trained,60
1,1,6,11,none,3,1,0,NONE,NONE,NONE,NONE,NONE,NONE,NONE,0
2,1,1,1,A,1,0,1,KES 60/day,5-min walk,7:00-17:00,1 trained caregiver per 10 children,Porridge & lunch provided,County staff,No special accommodation,60
2,1,1,1,B,2,0,0,KES 100/day,15-min walk,6:00-19:00,1 trained caregiver per 5 children,Bring own food,Private operator,"Physically accessible, staff not trained",100
2,1,1,1,none,3,1,0,NONE,NONE,NONE,NONE,NONE,NONE,NONE,0
2,1,2,3,A,1,0,1,KES 100/day,5-min walk,7:00-17:00,1 trained caregiver per 5 children,Porridge & lunch provided,Private operator,"Physically accessible, staff not trained",100
2,1,2,3,B,2,0,0,KES 150/day,"Inside market, next to stalls",6:00-19:00,1 trained caregiver per 10 children,Bring own food,Joint County & Private (PPP),Physically accessible with staff disability-trained,150
2,1,2,3,none,3,1,0,NONE,NONE,NONE,NONE,NONE,NONE,NONE,0
2,1,3,5,A,1,0,0,KES 30/day,"Inside market, next to stalls",7:00-17:00,1 untrained helper per 10 children,Bring own food,Joint County & Private (PPP),Physically accessible with staff disability-trained,30
2,1,3,5,B,2,0,0,KES 150/day,5-min walk,6:00-19:00,1 trained caregiver per 5 children,Porridge & lunch provided,Private operator,"Physically accessible, staff not trained",150
2,1,3,5,none,3,1,1,NONE,NONE,NONE,NONE,NONE,NONE,NONE,0
2,1,4,7,A,1,0,0,KES 60/day,15-min walk,7:00-17:00,1 trained caregiver per 5 children,Porridge & lunch provided,Joint County & Private (PPP),Physically accessible with staff disability-trained,60
2,1,4,7,B,2,0,0,KES 30/day,"Inside market, next to stalls",6:00-19:00,1 trained caregiver per 10 children,Bring own food,Committee of market traders,No special accommodation,30
2,1,4,7,none,3,1,1,NONE,NONE,NONE,NONE,NONE,NONE,NONE,0
2,1,5,9,A,1,0,0,KES 60/day,"Inside market, next to stalls",6:00-19:00,1 trained caregiver per 10 children,Bring own food,Private operator,"Physically accessible, staff not trained",60
2,1,5,9,B,2,0,0,KES 150/day,5-min walk,7:00-17:00,1 trained caregiver per 5 children,Porridge & lunch provided,Joint County & Private (PPP),Physically accessible with staff disability-trained,150
2,1,5,9,none,3,1,1,NONE,NONE,NONE,NONE,NONE,NONE,NONE,0
2,1,6,11,A,1,0,0,KES 30/day,15-min walk,6:00-19:00,1 trained caregiver per 10 children,Porridge & lunch provided,Private operator,"Physically accessible, staff not trained",30
2,1,6,11,B,2,0,0,KES 60/day,"Inside market, next to stalls",7:00-17:00,1 trained caregiver per 5 children,Bring own food,Joint County & Private (PPP),Physically accessible with staff disability-trained,60
2,1,6,11,none,3,1,1,NONE,NONE,NONE,NONE,NONE,NONE,NONE,0
3,2,1,2,A,1,0,0,KES 100/day,15-min walk,6:00-19:00,1 trained caregiver per 10 children,Porridge & lunch provided,Joint County & Private (PPP),No special accommodation,100
3,2,1,2,B,2,0,1,KES 60/day,"Inside market, next to stalls",7:00-17:00,1 trained caregiver per 5 children,Bring own food,County staff,Physically accessible with staff disability-trained,60
3,2,1,2,none,3,1,0,NONE,NONE,NONE,NONE,NONE,NONE,NONE,0
3,2,2,4,A,1,0,0,KES 100/day,5-min walk,6:00-19:00,1 untrained helper per 10 children,Porridge & lunch provided,Joint County & Private (PPP),Physically accessible with staff disability-trained,100
3,2,2,4,B,2,0,1,KES 30/day,15-min walk,7:00-17:00,1 trained caregiver per 5 children,Bring own food,County staff,No special accommodation,30
3,2,2,4,none,3,1,0,NONE,NONE,NONE,NONE,NONE,NONE,NONE,0
3,2,3,6,A,1,0,1,KES 30/day,5-min walk,7:00-17:00,1 trained caregiver per 10 children,Bring own food,Private operator,"Physically accessible, staff not trained",30
3,2,3,6,B,2,0,0,KES 60/day,"Inside market, next to stalls",6:00-19:00,1 untrained helper per 10 children,Porridge & lunch provided,County staff,No special accommodation,60
3,2,3,6,none,3,1,0,NONE,NONE,NONE,NONE,NONE,NONE,NONE,0
3,2,4,8,A,1,0,1,KES 60/day,15-min walk,7:00-17:00,1 untrained helper per 10 children,Bring own food,Committee of market traders,Physically accessible with staff disability-trained,60
3,2,4,8,B,2,0,0,KES 150/day,"Inside market, next to stalls",6:00-19:00,1 trained caregiver per 5 children,Porridge & lunch provided,Private operator,No special accommodation,150
3,2,4,8,none,3,1,0,NONE,NONE,NONE,NONE,NONE,NONE,NONE,0
3,2,5,10,A,1,0,1,KES 30/day,5-min walk,6:00-19:00,1 untrained helper per 10 children,Bring own food,County staff,"Physically accessible, staff not trained",30
3,2,5,10,B,2,0,0,KES 100/day,"Inside market, next to stalls",7:00-17:00,1 trained caregiver per 10 children,Porridge & lunch provided,Joint County & Private (PPP),Physically accessible with staff disability-trained,100
3,2,5,10,none,3,1,0,NONE,NONE,NONE,NONE,NONE,NONE,NONE,0
3,2,6,12,A,1,0,1,KES 60/day,5-min walk,6:00-19:00,1 trained caregiver per 5 children,Bring own food,County staff,Physically accessible with staff disability-trained,60
3,2,6,12,B,2,0,0,KES 150/day,"Inside market, next to stalls",7:00-17:00,1 untrained helper per 10 children,Porridge & lunch provided,Private operator,"Physically accessible, staff not trained",150
3,2,6,12,none,3,1,0,NONE,NONE,NONE,NONE,NONE,NONE,NONE,0
4,2,1,2,A,1,0,1,KES 100/day,15-min walk,6:00-19:00,1 trained caregiver per 10 children,Porridge & lunch provided,Joint County & Private (PPP),No special accommodation,100
4,2,1,2,B,2,0,0,KES 60/day,"Inside market, next to stalls",7:00-17:00,1 trained caregiver per 5 children,Bring own food,County staff,Physically accessible with staff disability-trained,60
4,2,1,2,none,3,1,0,NONE,NONE,NONE,NONE,NONE,NONE,NONE,0
4,2,2,4,A,1,0,1,KES 100/day,5-min walk,6:00-19:00,1 untrained helper per 10 children,Porridge & lunch provided,Joint County & Private (PPP),Physically accessible with staff disability-trained,100
4,2,2,4,B,2,0,0,KES 30/day,15-min walk,7:00-17:00,1 trained caregiver per 5 children,Bring own food,County staff,No special accommodation,30
4,2,2,4,none,3,1,0,NONE,NONE,NONE,NONE,NONE,NONE,NONE,0
4,2,3,6,A,1,0,1,KES 30/day,5-min walk,7:00-17:00,1 trained caregiver per 10 children,Bring own food,Private operator,"Physically accessible, staff not trained",30
4,2,3,6,B,2,0,0,KES 60/day,"Inside market, next to stalls",6:00-19:00,1 untrained helper per 10 children,Porridge & lunch provided,County staff,No special accommodation,60
4,2,3,6,none,3,1,0,NONE,NONE,NONE,NONE,NONE,NONE,NONE,0
4,2,4,8,A,1,0,1,KES 60/day,15-min walk,7:00-17:00,1 untrained helper per 10 children,Bring own food,Committee of market traders,Physically accessible with staff disability-trained,60
4,2,4,8,B,2,0,0,KES 150/day,"Inside market, next to stalls",6:00-19:00,1 trained caregiver per 5 children,Porridge & lunch provided,Private operator,No special accommodation,150
4,2,4,8,none,3,1,0,NONE,NONE,NONE,NONE,NONE,NONE,NONE,0
4,2,5,10,A,1,0,0,KES 30/day,5-min walk,6:00-19:00,1 untrained helper per 10 children,Bring own food,County staff,"Physically accessible, staff not trained",30
4,2,5,10,B,2,0,1,KES 100/day,"Inside market, next to stalls",7:00-17:00,1 trained caregiver per 10 children,Porridge & lunch provided,Joint County & Private (PPP),Physically accessible with staff disability-trained,100
4,2,5,10,none,3,1,0,NONE,NONE,NONE,NONE,NONE,NONE,NONE,0
4,2,6,12,A,1,0,1,KES 60/day,5-min walk,6:00-19:00,1 trained caregiver per 5 children,Bring own food,County staff,Physically accessible with staff disability-trained,60
4,2,6,12,B,2,0,0,KES 150/day,"Inside market, next to stalls",7:00-17:00,1 untrained helper per 10 children,Porridge & lunch provided,Private operator,"Physically accessible, staff not trained",150
4,2,6,12,none,3,1,0,NONE,NONE,NONE,NONE,NONE,NONE,NONE,0
5,2,1,2,A,1,0,0,KES 100/day,15-min walk,6:00-19:00,1 trained caregiver per 10 children,Porridge & lunch provided,Joint County & Private (PPP),No special accommodation,100
5,2,1,2,B,2,0,1,KES 60/day,"Inside market, next to stalls",7:00-17:00,1 trained caregiver per 5 children,Bring own food,County staff,Physically accessible with staff disability-trained,60
5,2,1,2,none,3,1,0,NONE,NONE,NONE,NONE,NONE,NONE,NONE,0
5,2,2,4,A,1,0,1,KES 100/day,5-min walk,6:00-19:00,1 untrained helper per 10 children,Porridge & lunch provided,Joint County & Private (PPP),Physically accessible with staff disability-trained,100
5,2,2,4,B,2,0,0,KES 30/day,15-min walk,7:00-17:00,1 trained caregiver per 5 children,Bring own food,County staff,No special accommodation,30
5,2,2,4,none,3,1,0,NONE,NONE,NONE,NONE,NONE,NONE,NONE,0
5,2,3,6,A,1,0,0,KES 30/day,5-min walk,7:00-17:00,1 trained caregiver per 10 children,Bring own food,Private operator,"Physically accessible, staff not trained",30
5,2,3,6,B,2,0,1,KES 60/day,"Inside market, next to stalls",6:00-19:00,1 untrained helper per 10 children,Porridge & lunch provided,County staff,No special accommodation,60
5,2,3,6,none,3,1,0,NONE,NONE,NONE,NONE,NONE,NONE,NONE,0
5,2,4,8,A,1,0,1,KES 60/day,15-min walk,7:00-17:00,1 untrained helper per 10 children,Bring own food,Committee of market traders,Physically accessible with staff disability-trained,60
5,2,4,8,B,2,0,0,KES 150/day,"Inside market, next to stalls",6:00-19:00,1 trained caregiver per 5 children,Porridge & lunch provided,Private operator,No special accommodation,150
5,2,4,8,none,3,1,0,NONE,NONE,NONE,NONE,NONE,NONE,NONE,0
5,2,5,10,A,1,0,0,KES 30/day,5-min walk,6:00-19:00,1 untrained helper per 10 children,Bring own food,County staff,"Physically accessible, staff not trained",30
5,2,5,10,B,2,0,1,KES 100/day,"Inside market, next to stalls",7:00-17:00,1 trained caregiver per 10 children,Porridge & lunch provided,Joint County & Private (PPP),Physically accessible with staff disability-trained,100
5,2,5,10,none,3,1,0,NONE,NONE,NONE,NONE,NONE,NONE,NONE,0
5,2,6,12,A,1,0,1,KES 60/day,5-min walk,6:00-19:00,1 trained caregiver per 5 children,Bring own food,County staff,Physically accessible with staff disability-trained,60
5,2,6,12,B,2,0,0,KES 150/day,"Inside market, next to stalls",7:00-17:00,1 untrained helper per 10 children,Porridge & lunch provided,Private operator,"Physically accessible, staff not trained",150
5,2,6,12,none,3,1,0,NONE,NONE,NONE,NONE,NONE,NONE,NONE,0
6,1,1,1,A,1,0,0,KES 60/day,5-min walk,7:00-17:00,1 trained caregiver per 10 children,Porridge & lunch provided,County staff,No special accommodation,60
6,1,1,1,B,2,0,1,KES 100/day,15-min walk,6:00-19:00,1 trained caregiver per 5 children,Bring own food,Private operator,"Physically accessible, staff not trained",100
6,1,1,1,none,3,1,0,NONE,NONE,NONE,NONE,NONE,NONE,NONE,0
6,1,2,3,A,1,0,0,KES 100/day,5-min walk,7:00-17:00,1 trained caregiver per 5 children,Porridge & lunch provided,Private operator,"Physically accessible, staff not trained",100
6,1,2,3,B,2,0,1,KES 150/day,"Inside market, next to stalls",6:00-19:00,1 trained caregiver per 10 children,Bring own food,Joint County & Private (PPP),Physically accessible with staff disability-trained,150
6,1,2,3,none,3,1,0,NONE,NONE,NONE,NONE,NONE,NONE,NONE,0
6,1,3,5,A,1,0,0,KES 30/day,"Inside market, next to stalls",7:00-17:00,1 untrained helper per 10 children,Bring own food,Joint County & Private (PPP),Physically accessible with staff disability-trained,30
6,1,3,5,B,2,0,1,KES 150/day,5-min walk,6:00-19:00,1 trained caregiver per 5 children,Porridge & lunch provided,Private operator,"Physically accessible, staff not trained",150
6,1,3,5,none,3,1,0,NONE,NONE,NONE,NONE,NONE,NONE,NONE,0
6,1,4,7,A,1,0,1,KES 60/day,15-min walk,7:00-17:00,1 trained caregiver per 5 children,Porridge & lunch provided,Joint County & Private (PPP),Physically accessible with staff disability-trained,60
6,1,4,7,B,2,0,0,KES 30/day,"Inside market, next to stalls",6:00-19:00,1 trained caregiver per 10 children,Bring own food,Committee of market traders,No special accommodation,30
6,1,4,7,none,3,1,0,NONE,NONE,NONE,NONE,NONE,NONE,NONE,0
6,1,5,9,A,1,0,0,KES 60/day,"Inside market, next to stalls",6:00-19:00,1 trained caregiver per 10 children,Bring own food,Private operator,"Physically accessible, staff not trained",60
6,1,5,9,B,2,0,1,KES 150/day,5-min walk,7:00-17:00,1 trained caregiver per 5 children,Porridge & lunch provided,Joint County & Private (PPP),Physically accessible with staff disability-trained,150
6,1,5,9,none,3,1,0,NONE,NONE,NONE,NONE,NONE,NONE,NONE,0
6,1,6,11,A,1,0,0,KES 30/day,15-min walk,6:00-19:00,1 trained caregiver per 10 children,Porridge & lunch provided,Private operator,"Physically accessible, staff not trained",30
6,1,6,11,B,2,0,1,KES 60/day,"Inside market, next to stalls",7:00-17:00,1 trained caregiver per 5 children,Bring own food,Joint County & Private (PPP),Physically accessible with staff disability-trained,60
6,1,6,11,none,3,1,0,NONE,NONE,NONE,NONE,NONE,NONE,NONE,0
7,1,1,1,A,1,0,1,KES 60/day,5-min walk,7:00-17:00,1 trained caregiver per 10 children,Porridge & lunch provided,County staff,No special accommodation,60
7,1,1,1,B,2,0,0,KES 100/day,15-min walk,6:00-19:00,1 trained caregiver per 5 children,Bring own food,Private operator,"Physically accessible, staff not trained",100
7,1,1,1,none,3,1,0,NONE,NONE,NONE,NONE,NONE,NONE,NONE,0
7,1,2,3,A,1,0,0,KES 100/day,5-min walk,7:00-17:00,1 trained caregiver per 5 children,Porridge & lunch provided,Private operator,"Physically accessible, staff not trained",100
7,1,2,3,B,2,0,0,KES 150/day,"Inside market, next to stalls",6:00-19:00,1 trained caregiver per 10 children,Bring own food,Joint County & Private (PPP),Physically accessible with staff disability-trained,150
7,1,2,3,none,3,1,1,NONE,NONE,NONE,NONE,NONE,NONE,NONE,0
7,1,3,5,A,1,0,1,KES 30/day,"Inside market, next to stalls",7:00-17:00,1 untrained helper per 10 children,Bring own food,Joint County & Private (PPP),Physically accessible with staff disability-trained,30
7,1,3,5,B,2,0,0,KES 150/day,5-min walk,6:00-19:00,1 trained caregiver per 5 children,Porridge & lunch provided,Private operator,"Physically accessible, staff not trained",150
7,1,3,5,none,3,1,0,NONE,NONE,NONE,NONE,NONE,NONE,NONE,0
7,1,4,7,A,1,0,1,KES 60/day,15-min walk,7:00-17:00,1 trained caregiver per 5 children,Porridge & lunch provided,Joint County & Private (PPP),Physically accessible with staff disability-trained,60
7,1,4,7,B,2,0,0,KES 30/day,"Inside market, next to stalls",6:00-19:00,1 trained caregiver per 10 children,Bring own food,Committee of market traders,No special accommodation,30
7,1,4,7,none,3,1,0,NONE,NONE,NONE,NONE,NONE,NONE,NONE,0
7,1,5,9,A,1,0,0,KES 60/day,"Inside market, next to stalls",6:00-19:00,1 trained caregiver per 10 children,Bring own food,Private operator,"Physically accessible, staff not trained",60
7,1,5,9,B,2,0,1,KES 150/day,5-min walk,7:00-17:00,1 trained caregiver per 5 children,Porridge & lunch provided,Joint County & Private (PPP),Physically accessible with staff disability-trained,150
7,1,5,9,none,3,1,0,NONE,NONE,NONE,NONE,NONE,NONE,NONE,0
7,1,6,11,A,1,0,1,KES 30/day,15-min walk,6:00-19:00,1 trained caregiver per 10 children,Porridge & lunch provided,Private operator,"Physically accessible, staff not trained",30
7,1,6,11,B,2,0,0,KES 60/day,"Inside market, next to stalls",7:00-17:00,1 trained caregiver per 5 children,Bring own food,Joint County & Private (PPP),Physically accessible with staff disability-trained,60
7,1,6,11,none,3,1,0,NONE,NONE,NONE,NONE,NONE,NONE,NONE,0
8,2,1,2,A,1,0,1,KES 100/day,15-min walk,6:00-19:00,1 trained caregiver per 10 children,Porridge & lunch provided,Joint County & Private (PPP),No special accommodation,100
8,2,1,2,B,2,0,0,KES 60/day,"Inside market, next to stalls",7:00-17:00,1 trained caregiver per 5 children,Bring own food,County staff,Physically accessible with staff disability-trained,60
8,2,1,2,none,3,1,0,NONE,NONE,NONE,NONE,NONE,NONE,NONE,0
8,2,2,4,A,1,0,1,KES 100/day,5-min walk,6:00-19:00,1 untrained helper per 10 children,Porridge & lunch provided,Joint County & Private (PPP),Physically accessible with staff disability-trained,100
8,2,2,4,B,2,0,0,KES 30/day,15-min walk,7:00-17:00,1 trained caregiver per 5 children,Bring own food,County staff,No special accommodation,30
8,2,2,4,none,3,1,0,NONE,NONE,NONE,NONE,NONE,NONE,NONE,0
8,2,3,6,A,1,0,0,KES 30/day,5-min walk,7:00-17:00,1 trained caregiver per 10 children,Bring own food,Private operator,"Physically accessible, staff not trained",30
8,2,3,6,B,2,0,1,KES 60/day,"Inside market, next to stalls",6:00-19:00,1 untrained helper per 10 children,Porridge & lunch provided,County staff,No special accommodation,60
8,2,3,6,none,3,1,0,NONE,NONE,NONE,NONE,NONE,NONE,NONE,0
8,2,4,8,A,1,0,0,KES 60/day,15-min walk,7:00-17:00,1 untrained helper per 10 children,Bring own food,Committee of market traders,Physically accessible with staff disability-trained,60
8,2,4,8,B,2,0,1,KES 150/day,"Inside market, next to stalls",6:00-19:00,1 trained caregiver per 5 children,Porridge & lunch provided,Private operator,No special accommodation,150
8,2,4,8,none,3,1,0,NONE,NONE,NONE,NONE,NONE,NONE,NONE,0
8,2,5,10,A,1,0,0,KES 30/day,5-min walk,6:00-19:00,1 untrained helper per 10 children,Bring own food,County staff,"Physically accessible, staff not trained",30
8,2,5,10,B,2,0,1,KES 100/day,"Inside market, next to stalls",7:00-17:00,1 trained caregiver per 10 children,Porridge & lunch provided,Joint County & Private (PPP),Physically accessible with staff disability-trained,100
8,2,5,10,none,3,1,0,NONE,NONE,NONE,NONE,NONE,NONE,NONE,0
8,2,6,12,A,1,0,0,KES 60/day,5-min walk,6:00-19:00,1 trained caregiver per 5 children,Bring own food,County staff,Physically accessible with staff disability-trained,60
8,2,6,12,B,2,0,1,KES 150/day,"Inside market, next to stalls",7:00-17:00,1 untrained helper per 10 children,Porridge & lunch provided,Private operator,"Physically accessible, staff not trained",150
8,2,6,12,none,3,1,0,NONE,NONE,NONE,NONE,NONE,NONE,NONE,0
9,2,1,2,A,1,0,0,KES 100/day,15-min walk,6:00-19:00,1 trained caregiver per 10 children,Porridge & lunch provided,Joint County & Private (PPP),No special accommodation,100
9,2,1,2,B,2,0,1,KES 60/day,"Inside market, next to stalls",7:00-17:00,1 trained caregiver per 5 children,Bring own food,County staff,Physically accessible with staff disability-trained,60
9,2,1,2,none,3,1,0,NONE,NONE,NONE,NONE,NONE,NONE,NONE,0
9,2,2,4,A,1,0,0,KES 100/day,5-min walk,6:00-19:00,1 untrained helper per 10 children,Porridge & lunch provided,Joint County & Private (PPP),Physically accessible with staff disability-trained,100
9,2,2,4,B,2,0,1,KES 30/day,15-min walk,7:00-17:00,1 trained caregiver per 5 children,Bring own food,County staff,No special accommodation,30
9,2,2,4,none,3,1,0,NONE,NONE,NONE,NONE,NONE,NONE,NONE,0
9,2,3,6,A,1,0,0,KES 30/day,5-min walk,7:00-17:00,1 trained caregiver per 10 children,Bring own food,Private operator,"Physically accessible, staff not trained",30
9,2,3,6,B,2,0,1,KES 60/day,"Inside market, next to stalls",6:00-19:00,1 untrained helper per 10 children,Porridge & lunch provided,County staff,No special accommodation,60
9,2,3,6,none,3,1,0,NONE,NONE,NONE,NONE,NONE,NONE,NONE,0
9,2,4,8,A,1,0,1,KES 60/day,15-min walk,7:00-17:00,1 untrained helper per 10 children,Bring own food,Committee of market traders,Physically accessible with staff disability-trained,60
9,2,4,8,B,2,0,0,KES 150/day,"Inside market, next to stalls",6:00-19:00,1 trained caregiver per 5 children,Porridge & lunch provided,Private operator,No special accommodation,150
9,2,4,8,none,3,1,0,NONE,NONE,NONE,NONE,NONE,NONE,NONE,0
9,2,5,10,A,1,0,0,KES 30/day,5-min walk,6:00-19:00,1 untrained helper per 10 children,Bring own food,County staff,"Physically accessible, staff not trained",30
9,2,5,10,B,2,0,1,KES 100/day,"Inside market, next to stalls",7:00-17:00,1 trained caregiver per 10 children,Porridge & lunch provided,Joint County & Private (PPP),Physically accessible with staff disability-trained,100
9,2,5,10,none,3,1,0,NONE,NONE,NONE,NONE,NONE,NONE,NONE,0
9,2,6,12,A,1,0,1,KES 60/day,5-min walk,6:00-19:00,1 trained caregiver per 5 children,Bring own food,County staff,Physically accessible with staff disability-trained,60
9,2,6,12,B,2,0,0,KES 150/day,"Inside market, next to stalls",7:00-17:00,1 untrained helper per 10 children,Porridge & lunch provided,Private operator,"Physically accessible, staff not trained",150
9,2,6,12,none,3,1,0,NONE,NONE,NONE,NONE,NONE,NONE,NONE,0
10,1,1,1,A,1,0,0,KES 60/day,5-min walk,7:00-17:00,1 trained caregiver per 10 children,Porridge & lunch provided,County staff,No special accommodation,60
10,1,1,1,B,2,0,1,KES 100/day,15-min walk,6:00-19:00,1 trained caregiver per 5 children,Bring own food,Private operator,"Physically accessible, staff not trained",100
10,1,1,1,none,3,1,0,NONE,NONE,NONE,NONE,NONE,NONE,NONE,0
10,1,2,3,A,1,0,1,KES 100/day,5-min walk,7:00-17:00,1 trained caregiver per 5 children,Porridge & lunch provided,Private operator,"Physically accessible, staff not trained",100
10,1,2,3,B,2,0,0,KES 150/day,"Inside market, next to stalls",6:00-19:00,1 trained caregiver per 10 children,Bring own food,Joint County & Private (PPP),Physically accessible with staff disability-trained,150
10,1,2,3,none,3,1,0,NONE,NONE,NONE,NONE,NONE,NONE,NONE,0
10,1,3,5,A,1,0,0,KES 30/day,"Inside market, next to stalls",7:00-17:00,1 untrained helper per 10 children,Bring own food,Joint County & Private (PPP),Physically accessible with staff disability-trained,30
10,1,3,5,B,2,0,1,KES 150/day,5-min walk,6:00-19:00,1 trained caregiver per 5 children,Porridge & lunch provided,Private operator,"Physically accessible, staff not trained",150
10,1,3,5,none,3,1,0,NONE,NONE,NONE,NONE,NONE,NONE,NONE,0
10,1,4,7,A,1,0,1,KES 60/day,15-min walk,7:00-17:00,1 trained caregiver per 5 children,Porridge & lunch provided,Joint County & Private (PPP),Physically accessible with staff disability-trained,60
10,1,4,7,B,2,0,0,KES 30/day,"Inside market, next to stalls",6:00-19:00,1 trained caregiver per 10 children,Bring own food,Committee of market traders,No special accommodation,30
10,1,4,7,none,3,1,0,NONE,NONE,NONE,NONE,NONE,NONE,NONE,0
10,1,5,9,A,1,0,0,KES 60/day,"Inside market, next to stalls",6:00-19:00,1 trained caregiver per 10 children,Bring own food,Private operator,"Physically accessible, staff not trained",60
10,1,5,9,B,2,0,1,KES 150/day,5-min walk,7:00-17:00,1 trained caregiver per 5 children,Porridge & lunch provided,Joint County & Private (PPP),Physically accessible with staff disability-trained,150
10,1,5,9,none,3,1,0,NONE,NONE,NONE,NONE,NONE,NONE,NONE,0
10,1,6,11,A,1,0,0,KES 30/day,15-min walk,6:00-19:00,1 trained caregiver per 10 children,Porridge & lunch provided,Private operator,"Physically accessible, staff not trained",30
10,1,6,11,B,2,0,1,KES 60/day,"Inside market, next to stalls",7:00-17:00,1 trained caregiver per 5 children,Bring own food,Joint County & Private (PPP),Physically accessible with staff disability-trained,60
10,1,6,11,none,3,1,0,NONE,NONE,NONE,NONE,NONE,NONE,NONE,0
11,1,1,1,A,1,0,1,KES 60/day,5-min walk,7:00-17:00,1 trained caregiver per 10 children,Porridge & lunch provided,County staff,No special accommodation,60
11,1,1,1,B,2,0,0,KES 100/day,15-min walk,6:00-19:00,1 trained caregiver per 5 children,Bring own food,Private operator,"Physically accessible, staff not trained",100
11,1,1,1,none,3,1,0,NONE,NONE,NONE,NONE,NONE,NONE,NONE,0
11,1,2,3,A,1,0,1,KES 100/day,5-min walk,7:00-17:00,1 trained caregiver per 5 children,Porridge & lunch provided,Private operator,"Physically accessible, staff not trained",100
11,1,2,3,B,2,0,0,KES 150/day,"Inside market, next to stalls",6:00-19:00,1 trained caregiver per 10 children,Bring own food,Joint County & Private (PPP),Physically accessible with staff disability-trained,150
11,1,2,3,none,3,1,0,NONE,NONE,NONE,NONE,NONE,NONE,NONE,0
11,1,3,5,A,1,0,1,KES 30/day,"Inside market, next to stalls",7:00-17:00,1 untrained helper per 10 children,Bring own food,Joint County & Private (PPP),Physically accessible with staff disability-trained,30
11,1,3,5,B,2,0,0,KES 150/day,5-min walk,6:00-19:00,1 trained caregiver per 5 children,Porridge & lunch provided,Private operator,"Physically accessible, staff not trained",150
11,1,3,5,none,3,1,0,NONE,NONE,NONE,NONE,NONE,NONE,NONE,0
11,1,4,7,A,1,0,1,KES 60/day,15-min walk,7:00-17:00,1 trained caregiver per 5 children,Porridge & lunch provided,Joint County & Private (PPP),Physically accessible with staff disability-trained,60
11,1,4,7,B,2,0,0,KES 30/day,"Inside market, next to stalls",6:00-19:00,1 trained caregiver per 10 children,Bring own food,Committee of market traders,No special accommodation,30
11,1,4,7,none,3,1,0,NONE,NONE,NONE,NONE,NONE,NONE,NONE,0
11,1,5,9,A,1,0,1,KES 60/day,"Inside market, next to stalls",6:00-19:00,1 trained caregiver per 10 children,Bring own food,Private operator,"Physically accessible, staff not trained",60
11,1,5,9,B,2,0,0,KES 150/day,5-min walk,7:00-17:00,1 trained caregiver per 5 children,Porridge & lunch provided,Joint County & Private (PPP),Physically accessible with staff disability-trained,150
11,1,5,9,none,3,1,0,NONE,NONE,NONE,NONE,NONE,NONE,NONE,0
11,1,6,11,A,1,0,1,KES 30/day,15-min walk,6:00-19:00,1 trained caregiver per 10 children,Porridge & lunch provided,Private operator,"Physically accessible, staff not trained",30
11,1,6,11,B,2,0,0,KES 60/day,"Inside market, next to stalls",7:00-17:00,1 trained caregiver per 5 children,Bring own food,Joint County & Private (PPP),Physically accessible with staff disability-trained,60
11,1,6,11,none,3,1,0,NONE,NONE,NONE,NONE,NONE,NONE,NONE,0
12,2,1,2,A,1,0,0,KES 100/day,15-min walk,6:00-19:00,1 trained caregiver per 10 children,Porridge & lunch provided,Joint County & Private (PPP),No special accommodation,100
12,2,1,2,B,2,0,1,KES 60/day,"Inside market, next to stalls",7:00-17:00,1 trained caregiver per 5 children,Bring own food,County staff,Physically accessible with staff disability-trained,60
12,2,1,2,none,3,1,0,NONE,NONE,NONE,NONE,NONE,NONE,NONE,0
12,2,2,4,A,1,0,0,KES 100/day,5-min walk,6:00-19:00,1 untrained helper per 10 children,Porridge & lunch provided,Joint County & Private (PPP),Physically accessible with staff disability-trained,100
12,2,2,4,B,2,0,1,KES 30/day,15-min walk,7:00-17:00,1 trained caregiver per 5 children,Bring own food,County staff,No special accommodation,30
12,2,2,4,none,3,1,0,NONE,NONE,NONE,NONE,NONE,NONE,NONE,0
12,2,3,6,A,1,0,1,KES 30/day,5-min walk,7:00-17:00,1 trained caregiver per 10 children,Bring own food,Private operator,"Physically accessible, staff not trained",30
12,2,3,6,B,2,0,0,KES 60/day,"Inside market, next to stalls",6:00-19:00,1 untrained helper per 10 children,Porridge & lunch provided,County staff,No special accommodation,60
12,2,3,6,none,3,1,0,NONE,NONE,NONE,NONE,NONE,NONE,NONE,0
12,2,4,8,A,1,0,0,KES 60/day,15-min walk,7:00-17:00,1 untrained helper per 10 children,Bring own food,Committee of market traders,Physically accessible with staff disability-trained,60
12,2,4,8,B,2,0,1,KES 150/day,"Inside market, next to stalls",6:00-19:00,1 trained caregiver per 5 children,Porridge & lunch provided,Private operator,No special accommodation,150
12,2,4,8,none,3,1,0,NONE,NONE,NONE,NONE,NONE,NONE,NONE,0
12,2,5,10,A,1,0,0,KES 30/day,5-min walk,6:00-19:00,1 untrained helper per 10 children,Bring own food,County staff,"Physically accessible, staff not trained",30
12,2,5,10,B,2,0,1,KES 100/day,"Inside market, next to stalls",7:00-17:00,1 trained caregiver per 10 children,Porridge & lunch provided,Joint County & Private (PPP),Physically accessible with staff disability-trained,100
12,2,5,10,none,3,1,0,NONE,NONE,NONE,NONE,NONE,NONE,NONE,0
12,2,6,12,A,1,0,1,KES 60/day,5-min walk,6:00-19:00,1 trained caregiver per 5 children,Bring own food,County staff,Physically accessible with staff disability-trained,60
12,2,6,12,B,2,0,0,KES 150/day,"Inside market, next to stalls",7:00-17:00,1 untrained helper per 10 children,Porridge & lunch provided,Private operator,"Physically accessible, staff not trained",150
12,2,6,12,none,3,1,0,NONE,NONE,NONE,NONE,NONE,NONE,NONE,0
13,1,1,1,A,1,0,1,KES 60/day,5-min walk,7:00-17:00,1 trained caregiver per 10 children,Porridge & lunch provided,County staff,No special accommodation,60
13,1,1,1,B,2,0,0,KES 100/day,15-min walk,6:00-19:00,1 trained caregiver per 5 children,Bring own food,Private operator,"Physically accessible, staff not trained",100
13,1,1,1,none,3,1,0,NONE,NONE,NONE,NONE,NONE,NONE,NONE,0
13,1,2,3,A,1,0,1,KES 100/day,5-min walk,7:00-17:00,1 trained caregiver per 5 children,Porridge & lunch provided,Private operator,"Physically accessible, staff not trained",100
13,1,2,3,B,2,0,0,KES 150/day,"Inside market, next to stalls",6:00-19:00,1 trained caregiver per 10 children,Bring own food,Joint County & Private (PPP),Physically accessible with staff disability-trained,150
13,1,2,3,none,3,1,0,NONE,NONE,NONE,NONE,NONE,NONE,NONE,0
13,1,3,5,A,1,0,0,KES 30/day,"Inside market, next to stalls",7:00-17:00,1 untrained helper per 10 children,Bring own food,Joint County & Private (PPP),Physically accessible with staff disability-trained,30
13,1,3,5,B,2,0,1,KES 150/day,5-min walk,6:00-19:00,1 trained caregiver per 5 children,Porridge & lunch provided,Private operator,"Physically accessible, staff not trained",150
13,1,3,5,none,3,1,0,NONE,NONE,NONE,NONE,NONE,NONE,NONE,0
13,1,4,7,A,1,0,1,KES 60/day,15-min walk,7:00-17:00,1 trained caregiver per 5 children,Porridge & lunch provided,Joint County & Private (PPP),Physically accessible with staff disability-trained,60
13,1,4,7,B,2,0,0,KES 30/day,"Inside market, next to stalls",6:00-19:00,1 trained caregiver per 10 children,Bring own food,Committee of market traders,No special accommodation,30
13,1,4,7,none,3,1,0,NONE,NONE,NONE,NONE,NONE,NONE,NONE,0
13,1,5,9,A,1,0,1,KES 60/day,"Inside market, next to stalls",6:00-19:00,1 trained caregiver per 10 children,Bring own food,Private operator,"Physically accessible, staff not trained",60
13,1,5,9,B,2,0,0,KES 150/day,5-min walk,7:00-17:00,1 trained caregiver per 5 children,Porridge & lunch provided,Joint County & Private (PPP),Physically accessible with staff disability-trained,150
13,1,5,9,none,3,1,0,NONE,NONE,NONE,NONE,NONE,NONE,NONE,0
13,1,6,11,A,1,0,0,KES 30/day,15-min walk,6:00-19:00,1 trained caregiver per 10 children,Porridge & lunch provided,Private operator,"Physically accessible, staff not trained",30
13,1,6,11,B,2,0,1,KES 60/day,"Inside market, next to stalls",7:00-17:00,1 trained caregiver per 5 children,Bring own food,Joint County & Private (PPP),Physically accessible with staff disability-trained,60
13,1,6,11,none,3,1,0,NONE,NONE,NONE,NONE,NONE,NONE,NONE,0
14,1,1,1,A,1,0,1,KES 60/day,5-min walk,7:00-17:00,1 trained caregiver per 10 children,Porridge & lunch provided,County staff,No special accommodation,60
14,1,1,1,B,2,0,0,KES 100/day,15-min walk,6:00-19:00,1 trained caregiver per 5 children,Bring own food,Private operator,"Physically accessible, staff not trained",100
14,1,1,1,none,3,1,0,NONE,NONE,NONE,NONE,NONE,NONE,NONE,0
14,1,2,3,A,1,0,1,KES 100/day,5-min walk,7:00-17:00,1 trained caregiver per 5 children,Porridge & lunch provided,Private operator,"Physically accessible, staff not trained",100
14,1,2,3,B,2,0,0,KES 150/day,"Inside market, next to stalls",6:00-19:00,1 trained caregiver per 10 children,Bring own food,Joint County & Private (PPP),Physically accessible with staff disability-trained,150
14,1,2,3,none,3,1,0,NONE,NONE,NONE,NONE,NONE,NONE,NONE,0
14,1,3,5,A,1,0,0,KES 30/day,"Inside market, next to stalls",7:00-17:00,1 untrained helper per 10 children,Bring own food,Joint County & Private (PPP),Physically accessible with staff disability-trained,30
14,1,3,5,B,2,0,1,KES 150/day,5-min walk,6:00-19:00,1 trained caregiver per 5 children,Porridge & lunch provided,Private operator,"Physically accessible, staff not trained",150
14,1,3,5,none,3,1,0,NONE,NONE,NONE,NONE,NONE,NONE,NONE,0
14,1,4,7,A,1,0,1,KES 60/day,15-min walk,7:00-17:00,1 trained caregiver per 5 children,Porridge & lunch provided,Joint County & Private (PPP),Physically accessible with staff disability-trained,60
14,1,4,7,B,2,0,0,KES 30/day,"Inside market, next to stalls",6:00-19:00,1 trained caregiver per 10 children,Bring own food,Committee of market traders,No special accommodation,30
14,1,4,7,none,3,1,0,NONE,NONE,NONE,NONE,NONE,NONE,NONE,0
14,1,5,9,A,1,0,1,KES 60/day,"Inside market, next to stalls",6:00-19:00,1 trained caregiver per 10 children,Bring own food,Private operator,"Physically accessible, staff not trained",60
14,1,5,9,B,2,0,0,KES 150/day,5-min walk,7:00-17:00,1 trained caregiver per 5 children,Porridge & lunch provided,Joint County & Private (PPP),Physically accessible with staff disability-trained,150
14,1,5,9,none,3,1,0,NONE,NONE,NONE,NONE,NONE,NONE,NONE,0
14,1,6,11,A,1,0,0,KES 30/day,15-min walk,6:00-19:00,1 trained caregiver per 10 children,Porridge & lunch provided,Private operator,"Physically accessible, staff not trained",30
14,1,6,11,B,2,0,1,KES 60/day,"Inside market, next to stalls",7:00-17:00,1 trained caregiver per 5 children,Bring own food,Joint County & Private (PPP),Physically accessible with staff disability-trained,60
14,1,6,11,none,3,1,0,NONE,NONE,NONE,NONE,NONE,NONE,NONE,0
15,2,1,2,A,1,0,1,KES 100/day,15-min walk,6:00-19:00,1 trained caregiver per 10 children,Porridge & lunch provided,Joint County & Private (PPP),No special accommodation,100
15,2,1,2,B,2,0,0,KES 60/day,"Inside market, next to stalls",7:00-17:00,1 trained caregiver per 5 children,Bring own food,County staff,Physically accessible with staff disability-trained,60
15,2,1,2,none,3,1,0,NONE,NONE,NONE,NONE,NONE,NONE,NONE,0
15,2,2,4,A,1,0,1,KES 100/day,5-min walk,6:00-19:00,1 untrained helper per 10 children,Porridge & lunch provided,Joint County & Private (PPP),Physically accessible with staff disability-trained,100
15,2,2,4,B,2,0,0,KES 30/day,15-min walk,7:00-17:00,1 trained caregiver per 5 children,Bring own food,County staff,No special accommodation,30
15,2,2,4,none,3,1,0,NONE,NONE,NONE,NONE,NONE,NONE,NONE,0
15,2,3,6,A,1,0,0,KES 30/day,5-min walk,7:00-17:00,1 trained caregiver per 10 children,Bring own food,Private operator,"Physically accessible, staff not trained",30
15,2,3,6,B,2,0,1,KES 60/day,"Inside market, next to stalls",6:00-19:00,1 untrained helper per 10 children,Porridge & lunch provided,County staff,No special accommodation,60
15,2,3,6,none,3,1,0,NONE,NONE,NONE,NONE,NONE,NONE,NONE,0
15,2,4,8,A,1,0,0,KES 60/day,15-min walk,7:00-17:00,1 untrained helper per 10 children,Bring own food,Committee of market traders,Physically accessible with staff disability-trained,60
15,2,4,8,B,2,0,1,KES 150/day,"Inside market, next to stalls",6:00-19:00,1 trained caregiver per 5 children,Porridge & lunch provided,Private operator,No special accommodation,150
15,2,4,8,none,3,1,0,NONE,NONE,NONE,NONE,NONE,NONE,NONE,0
15,2,5,10,A,1,0,0,KES 30/day,5-min walk,6:00-19:00,1 untrained helper per 10 children,Bring own food,County staff,"Physically accessible, staff not trained",30
15,2,5,10,B,2,0,1,KES 100/day,"Inside market, next to stalls",7:00-17:00,1 trained caregiver per 10 children,Porridge & lunch provided,Joint County & Private (PPP),Physically accessible with staff disability-trained,100
15,2,5,10,none,3,1,0,NONE,NONE,NONE,NONE,NONE,NONE,NONE,0
15,2,6,12,A,1,0,0,KES 60/day,5-min walk,6:00-19:00,1 trained caregiver per 5 children,Bring own food,County staff,Physically accessible with staff disability-trained,60
15,2,6,12,B,2,0,1,KES 150/day,"Inside market, next to stalls",7:00-17:00,1 untrained helper per 10 children,Porridge & lunch provided,Private operator,"Physically accessible, staff not trained",150
15,2,6,12,none,3,1,0,NONE,NONE,NONE,NONE,NONE,NONE,NONE,0
16,1,1,1,A,1,0,1,KES 60/day,5-min walk,7:00-17:00,1 trained caregiver per 10 children,Porridge & lunch provided,County staff,No special accommodation,60
16,1,1,1,B,2,0,0,KES 100/day,15-min walk,6:00-19:00,1 trained caregiver per 5 children,Bring own food,Private operator,"Physically accessible, staff not trained",100
16,1,1,1,none,3,1,0,NONE,NONE,NONE,NONE,NONE,NONE,NONE,0
16,1,2,3,A,1,0,1,KES 100/day,5-min walk,7:00-17:00,1 trained caregiver per 5 children,Porridge & lunch provided,Private operator,"Physically accessible, staff not trained",100
16,1,2,3,B,2,0,0,KES 150/day,"Inside market, next to stalls",6:00-19:00,1 trained caregiver per 10 children,Bring own food,Joint County & Private (PPP),Physically accessible with staff disability-trained,150
16,1,2,3,none,3,1,0,NONE,NONE,NONE,NONE,NONE,NONE,NONE,0
16,1,3,5,A,1,0,1,KES 30/day,"Inside market, next to stalls",7:00-17:00,1 untrained helper per 10 children,Bring own food,Joint County & Private (PPP),Physically accessible with staff disability-trained,30
16,1,3,5,B,2,0,0,KES 150/day,5-min walk,6:00-19:00,1 trained caregiver per 5 children,Porridge & lunch provided,Private operator,"Physically accessible, staff not trained",150
16,1,3,5,none,3,1,0,NONE,NONE,NONE,NONE,NONE,NONE,NONE,0
16,1,4,7,A,1,0,1,KES 60/day,15-min walk,7:00-17:00,1 trained caregiver per 5 children,Porridge & lunch provided,Joint County & Private (PPP),Physically accessible with staff disability-trained,60
16,1,4,7,B,2,0,0,KES 30/day,"Inside market, next to stalls",6:00-19:00,1 trained caregiver per 10 children,Bring own food,Committee of market traders,No special accommodation,30
16,1,4,7,none,3,1,0,NONE,NONE,NONE,NONE,NONE,NONE,NONE,0
16,1,5,9,A,1,0,0,KES 60/day,"Inside market, next to stalls",6:00-19:00,1 trained caregiver per 10 children,Bring own food,Private operator,"Physically accessible, staff not trained",60
16,1,5,9,B,2,0,1,KES 150/day,5-min walk,7:00-17:00,1 trained caregiver per 5 children,Porridge & lunch provided,Joint County & Private (PPP),Physically accessible with staff disability-trained,150
16,1,5,9,none,3,1,0,NONE,NONE,NONE,NONE,NONE,NONE,NONE,0
16,1,6,11,A,1,0,0,KES 30/day,15-min walk,6:00-19:00,1 trained caregiver per 10 children,Porridge & lunch provided,Private operator,"Physically accessible, staff not trained",30
16,1,6,11,B,2,0,1,KES 60/day,"Inside market, next to stalls",7:00-17:00,1 trained caregiver per 5 children,Bring own food,Joint County & Private (PPP),Physically accessible with staff disability-trained,60
16,1,6,11,none,3,1,0,NONE,NONE,NONE,NONE,NONE,NONE,NONE,0
17,1,1,1,A,1,0,1,KES 60/day,5-min walk,7:00-17:00,1 trained caregiver per 10 children,Porridge & lunch provided,County staff,No special accommodation,60
17,1,1,1,B,2,0,0,KES 100/day,15-min walk,6:00-19:00,1 trained caregiver per 5 children,Bring own food,Private operator,"Physically accessible, staff not trained",100
17,1,1,1,none,3,1,0,NONE,NONE,NONE,NONE,NONE,NONE,NONE,0
17,1,2,3,A,1,0,1,KES 100/day,5-min walk,7:00-17:00,1 trained caregiver per 5 children,Porridge & lunch provided,Private operator,"Physically accessible, staff not trained",100
17,1,2,3,B,2,0,0,KES 150/day,"Inside market, next to stalls",6:00-19:00,1 trained caregiver per 10 children,Bring own food,Joint County & Private (PPP),Physically accessible with staff disability-trained,150
17,1,2,3,none,3,1,0,NONE,NONE,NONE,NONE,NONE,NONE,NONE,0
17,1,3,5,A,1,0,1,KES 30/day,"Inside market, next to stalls",7:00-17:00,1 untrained helper per 10 children,Bring own food,Joint County & Private (PPP),Physically accessible with staff disability-trained,30
17,1,3,5,B,2,0,0,KES 150/day,5-min walk,6:00-19:00,1 trained caregiver per 5 children,Porridge & lunch provided,Private operator,"Physically accessible, staff not trained",150
17,1,3,5,none,3,1,0,NONE,NONE,NONE,NONE,NONE,NONE,NONE,0
17,1,4,7,A,1,0,1,KES 60/day,15-min walk,7:00-17:00,1 trained caregiver per 5 children,Porridge & lunch provided,Joint County & Private (PPP),Physically accessible with staff disability-trained,60
17,1,4,7,B,2,0,0,KES 30/day,"Inside market, next to stalls",6:00-19:00,1 trained caregiver per 10 children,Bring own food,Committee of market traders,No special accommodation,30
17,1,4,7,none,3,1,0,NONE,NONE,NONE,NONE,NONE,NONE,NONE,0
17,1,5,9,A,1,0,1,KES 60/day,"Inside market, next to stalls",6:00-19:00,1 trained caregiver per 10 children,Bring own food,Private operator,"Physically accessible, staff not trained",60
17,1,5,9,B,2,0,0,KES 150/day,5-min walk,7:00-17:00,1 trained caregiver per 5 children,Porridge & lunch provided,Joint County & Private (PPP),Physically accessible with staff disability-trained,150
17,1,5,9,none,3,1,0,NONE,NONE,NONE,NONE,NONE,NONE,NONE,0
17,1,6,11,A,1,0,1,KES 30/day,15-min walk,6:00-19:00,1 trained caregiver per 10 children,Porridge & lunch provided,Private operator,"Physically accessible, staff not trained",30
17,1,6,11,B,2,0,0,KES 60/day,"Inside market, next to stalls",7:00-17:00,1 trained caregiver per 5 children,Bring own food,Joint County & Private (PPP),Physically accessible with staff disability-trained,60
17,1,6,11,none,3,1,0,NONE,NONE,NONE,NONE,NONE,NONE,NONE,0
18,2,1,2,A,1,0,1,KES 100/day,15-min walk,6:00-19:00,1 trained caregiver per 10 children,Porridge & lunch provided,Joint County & Private (PPP),No special accommodation,100
18,2,1,2,B,2,0,0,KES 60/day,"Inside market, next to stalls",7:00-17:00,1 trained caregiver per 5 children,Bring own food,County staff,Physically accessible with staff disability-trained,60
18,2,1,2,none,3,1,0,NONE,NONE,NONE,NONE,NONE,NONE,NONE,0
18,2,2,4,A,1,0,1,KES 100/day,5-min walk,6:00-19:00,1 untrained helper per 10 children,Porridge & lunch provided,Joint County & Private (PPP),Physically accessible with staff disability-trained,100
18,2,2,4,B,2,0,0,KES 30/day,15-min walk,7:00-17:00,1 trained caregiver per 5 children,Bring own food,County staff,No special accommodation,30
18,2,2,4,none,3,1,0,NONE,NONE,NONE,NONE,NONE,NONE,NONE,0
18,2,3,6,A,1,0,1,KES 30/day,5-min walk,7:00-17:00,1 trained caregiver per 10 children,Bring own food,Private operator,"Physically accessible, staff not trained",30
18,2,3,6,B,2,0,0,KES 60/day,"Inside market, next to stalls",6:00-19:00,1 untrained helper per 10 children,Porridge & lunch provided,County staff,No special accommodation,60
18,2,3,6,none,3,1,0,NONE,NONE,NONE,NONE,NONE,NONE,NONE,0
18,2,4,8,A,1,0,0,KES 60/day,15-min walk,7:00-17:00,1 untrained helper per 10 children,Bring own food,Committee of market traders,Physically accessible with staff disability-trained,60
18,2,4,8,B,2,0,1,KES 150/day,"Inside market, next to stalls",6:00-19:00,1 trained caregiver per 5 children,Porridge & lunch provided,Private operator,No special accommodation,150
18,2,4,8,none,3,1,0,NONE,NONE,NONE,NONE,NONE,NONE,NONE,0
18,2,5,10,A,1,0,0,KES 30/day,5-min walk,6:00-19:00,1 untrained helper per 10 children,Bring own food,County staff,"Physically accessible, staff not trained",30
18,2,5,10,B,2,0,1,KES 100/day,"Inside market, next to stalls",7:00-17:00,1 trained caregiver per 10 children,Porridge & lunch provided,Joint County & Private (PPP),Physically accessible with staff disability-trained,100
18,2,5,10,none,3,1,0,NONE,NONE,NONE,NONE,NONE,NONE,NONE,0
18,2,6,12,A,1,0,1,KES 60/day,5-min walk,6:00-19:00,1 trained caregiver per 5 children,Bring own food,County staff,Physically accessible with staff disability-trained,60
18,2,6,12,B,2,0,0,KES 150/day,"Inside market, next to stalls",7:00-17:00,1 untrained helper per 10 children,Porridge & lunch provided,Private operator,"Physically accessible, staff not trained",150
18,2,6,12,none,3,1,0,NONE,NONE,NONE,NONE,NONE,NONE,NONE,0
19,1,1,1,A,1,0,1,KES 60/day,5-min walk,7:00-17:00,1 trained caregiver per 10 children,Porridge & lunch provided,County staff,No special accommodation,60
19,1,1,1,B,2,0,0,KES 100/day,15-min walk,6:00-19:00,1 trained caregiver per 5 children,Bring own food,Private operator,"Physically accessible, staff not trained",100
19,1,1,1,none,3,1,0,NONE,NONE,NONE,NONE,NONE,NONE,NONE,0
19,1,2,3,A,1,0,0,KES 100/day,5-min walk,7:00-17:00,1 trained caregiver per 5 children,Porridge & lunch provided,Private operator,"Physically accessible, staff not trained",100
19,1,2,3,B,2,0,1,KES 150/day,"Inside market, next to stalls",6:00-19:00,1 trained caregiver per 10 children,Bring own food,Joint County & Private (PPP),Physically accessible with staff disability-trained,150
19,1,2,3,none,3,1,0,NONE,NONE,NONE,NONE,NONE,NONE,NONE,0
19,1,3,5,A,1,0,0,KES 30/day,"Inside market, next to stalls",7:00-17:00,1 untrained helper per 10 children,Bring own food,Joint County & Private (PPP),Physically accessible with staff disability-trained,30
19,1,3,5,B,2,0,1,KES 150/day,5-min walk,6:00-19:00,1 trained caregiver per 5 children,Porridge & lunch provided,Private operator,"Physically accessible, staff not trained",150
19,1,3,5,none,3,1,0,NONE,NONE,NONE,NONE,NONE,NONE,NONE,0
19,1,4,7,A,1,0,0,KES 60/day,15-min walk,7:00-17:00,1 trained caregiver per 5 children,Porridge & lunch provided,Joint County & Private (PPP),Physically accessible with staff disability-trained,60
19,1,4,7,B,2,0,1,KES 30/day,"Inside market, next to stalls",6:00-19:00,1 trained caregiver per 10 children,Bring own food,Committee of market traders,No special accommodation,30
19,1,4,7,none,3,1,0,NONE,NONE,NONE,NONE,NONE,NONE,NONE,0
19,1,5,9,A,1,0,1,KES 60/day,"Inside market, next to stalls",6:00-19:00,1 trained caregiver per 10 children,Bring own food,Private operator,"Physically accessible, staff not trained",60
19,1,5,9,B,2,0,0,KES 150/day,5-min walk,7:00-17:00,1 trained caregiver per 5 children,Porridge & lunch provided,Joint County & Private (PPP),Physically accessible with staff disability-trained,150
19,1,5,9,none,3,1,0,NONE,NONE,NONE,NONE,NONE,NONE,NONE,0
19,1,6,11,A,1,0,0,KES 30/day,15-min walk,6:00-19:00,1 trained caregiver per 10 children,Porridge & lunch provided,Private operator,"Physically accessible, staff not trained",30
19,1,6,11,B,2,0,1,KES 60/day,"Inside market, next to stalls",7:00-17:00,1 trained caregiver per 5 children,Bring own food,Joint County & Private (PPP),Physically accessible with staff disability-trained,60
19,1,6,11,none,3,1,0,NONE,NONE,NONE,NONE,NONE,NONE,NONE,0
20,1,1,1,A,1,0,1,KES 60/day,5-min walk,7:00-17:00,1 trained caregiver per 10 children,Porridge & lunch provided,County staff,No special accommodation,60
20,1,1,1,B,2,0,0,KES 100/day,15-min walk,6:00-19:00,1 trained caregiver per 5 children,Bring own food,Private operator,"Physically accessible, staff not trained",100
20,1,1,1,none,3,1,0,NONE,NONE,NONE,NONE,NONE,NONE,NONE,0
20,1,2,3,A,1,0,0,KES 100/day,5-min walk,7:00-17:00,1 trained caregiver per 5 children,Porridge & lunch provided,Private operator,"Physically accessible, staff not trained",100
20,1,2,3,B,2,0,1,KES 150/day,"Inside market, next to stalls",6:00-19:00,1 trained caregiver per 10 children,Bring own food,Joint County & Private (PPP),Physically accessible with staff disability-trained,150
20,1,2,3,none,3,1,0,NONE,NONE,NONE,NONE,NONE,NONE,NONE,0
20,1,3,5,A,1,0,1,KES 30/day,"Inside market, next to stalls",7:00-17:00,1 untrained helper per 10 children,Bring own food,Joint County & Private (PPP),Physically accessible with staff disability-trained,30
20,1,3,5,B,2,0,0,KES 150/day,5-min walk,6:00-19:00,1 trained caregiver per 5 children,Porridge & lunch provided,Private operator,"Physically accessible, staff not trained",150
20,1,3,5,none,3,1,0,NONE,NONE,NONE,NONE,NONE,NONE,NONE,0
20,1,4,7,A,1,0,1,KES 60/day,15-min walk,7:00-17:00,1 trained caregiver per 5 children,Porridge & lunch provided,Joint County & Private (PPP),Physically accessible with staff disability-trained,60
20,1,4,7,B,2,0,0,KES 30/day,"Inside market, next to stalls",6:00-19:00,1 trained caregiver per 10 children,Bring own food,Committee of market traders,No special accommodation,30
20,1,4,7,none,3,1,0,NONE,NONE,NONE,NONE,NONE,NONE,NONE,0
20,1,5,9,A,1,0,0,KES 60/day,"Inside market, next to stalls",6:00-19:00,1 trained caregiver per 10 children,Bring own food,Private operator,"Physically accessible, staff not trained",60
20,1,5,9,B,2,0,1,KES 150/day,5-min walk,7:00-17:00,1 trained caregiver per 5 children,Porridge & lunch provided,Joint County & Private (PPP),Physically accessible with staff disability-trained,150
20,1,5,9,none,3,1,0,NONE,NONE,NONE,NONE,NONE,NONE,NONE,0
20,1,6,11,A,1,0,1,KES 30/day,15-min walk,6:00-19:00,1 trained caregiver per 10 children,Porridge & lunch provided,Private operator,"Physically accessible, staff not trained",30
20,1,6,11,B,2,0,0,KES 60/day,"Inside market, next to stalls",7:00-17:00,1 trained caregiver per 5 children,Bring own food,Joint County & Private (PPP),Physically accessible with staff disability-trained,60
20,1,6,11,none,3,1,0,NONE,NONE,NONE,NONE,NONE,NONE,NONE,0
21,2,1,2,A,1,0,1,KES 100/day,15-min walk,6:00-19:00,1 trained caregiver per 10 children,Porridge & lunch provided,Joint County & Private (PPP),No special accommodation,100
21,2,1,2,B,2,0,0,KES 60/day,"Inside market, next to stalls",7:00-17:00,1 trained caregiver per 5 children,Bring own food,County staff,Physically accessible with staff disability-trained,60
21,2,1,2,none,3,1,0,NONE,NONE,NONE,NONE,NONE,NONE,NONE,0
21,2,2,4,A,1,0,1,KES 100/day,5-min walk,6:00-19:00,1 untrained helper per 10 children,Porridge & lunch provided,Joint County & Private (PPP),Physically accessible with staff disability-trained,100
21,2,2,4,B,2,0,0,KES 30/day,15-min walk,7:00-17:00,1 trained caregiver per 5 children,Bring own food,County staff,No special accommodation,30
21,2,2,4,none,3,1,0,NONE,NONE,NONE,NONE,NONE,NONE,NONE,0
21,2,3,6,A,1,0,0,KES 30/day,5-min walk,7:00-17:00,1 trained caregiver per 10 children,Bring own food,Private operator,"Physically accessible, staff not trained",30
21,2,3,6,B,2,0,1,KES 60/day,"Inside market, next to stalls",6:00-19:00,1 untrained helper per 10 children,Porridge & lunch provided,County staff,No special accommodation,60
21,2,3,6,none,3,1,0,NONE,NONE,NONE,NONE,NONE,NONE,NONE,0
21,2,4,8,A,1,0,0,KES 60/day,15-min walk,7:00-17:00,1 untrained helper per 10 children,Bring own food,Committee of market traders,Physically accessible with staff disability-trained,60
21,2,4,8,B,2,0,1,KES 150/day,"Inside market, next to stalls",6:00-19:00,1 trained caregiver per 5 children,Porridge & lunch provided,Private operator,No special accommodation,150
21,2,4,8,none,3,1,0,NONE,NONE,NONE,NONE,NONE,NONE,NONE,0
21,2,5,10,A,1,0,0,KES 30/day,5-min walk,6:00-19:00,1 untrained helper per 10 children,Bring own food,County staff,"Physically accessible, staff not trained",30
21,2,5,10,B,2,0,1,KES 100/day,"Inside market, next to stalls",7:00-17:00,1 trained caregiver per 10 children,Porridge & lunch provided,Joint County & Private (PPP),Physically accessible with staff disability-trained,100
21,2,5,10,none,3,1,0,NONE,NONE,NONE,NONE,NONE,NONE,NONE,0
21,2,6,12,A,1,0,1,KES 60/day,5-min walk,6:00-19:00,1 trained caregiver per 5 children,Bring own food,County staff,Physically accessible with staff disability-trained,60
21,2,6,12,B,2,0,0,KES 150/day,"Inside market, next to stalls",7:00-17:00,1 untrained helper per 10 children,Porridge & lunch provided,Private operator,"Physically accessible, staff not trained",150
21,2,6,12,none,3,1,0,NONE,NONE,NONE,NONE,NONE,NONE,NONE,0
22,2,1,2,A,1,0,0,KES 100/day,15-min walk,6:00-19:00,1 trained caregiver per 10 children,Porridge & lunch provided,Joint County & Private (PPP),No special accommodation,100
22,2,1,2,B,2,0,1,KES 60/day,"Inside market, next to stalls",7:00-17:00,1 trained caregiver per 5 children,Bring own food,County staff,Physically accessible with staff disability-trained,60
22,2,1,2,none,3,1,0,NONE,NONE,NONE,NONE,NONE,NONE,NONE,0
22,2,2,4,A,1,0,1,KES 100/day,5-min walk,6:00-19:00,1 untrained helper per 10 children,Porridge & lunch provided,Joint County & Private (PPP),Physically accessible with staff disability-trained,100
22,2,2,4,B,2,0,0,KES 30/day,15-min walk,7:00-17:00,1 trained caregiver per 5 children,Bring own food,County staff,No special accommodation,30
22,2,2,4,none,3,1,0,NONE,NONE,NONE,NONE,NONE,NONE,NONE,0
22,2,3,6,A,1,0,0,KES 30/day,5-min walk,7:00-17:00,1 trained caregiver per 10 children,Bring own food,Private operator,"Physically accessible, staff not trained",30
22,2,3,6,B,2,0,1,KES 60/day,"Inside market, next to stalls",6:00-19:00,1 untrained helper per 10 children,Porridge & lunch provided,County staff,No special accommodation,60
22,2,3,6,none,3,1,0,NONE,NONE,NONE,NONE,NONE,NONE,NONE,0
22,2,4,8,A,1,0,0,KES 60/day,15-min walk,7:00-17:00,1 untrained helper per 10 children,Bring own food,Committee of market traders,Physically accessible with staff disability-trained,60
22,2,4,8,B,2,0,1,KES 150/day,"Inside market, next to stalls",6:00-19:00,1 trained caregiver per 5 children,Porridge & lunch provided,Private operator,No special accommodation,150
22,2,4,8,none,3,1,0,NONE,NONE,NONE,NONE,NONE,NONE,NONE,0
22,2,5,10,A,1,0,1,KES 30/day,5-min walk,6:00-19:00,1 untrained helper per 10 children,Bring own food,County staff,"Physically accessible, staff not trained",30
22,2,5,10,B,2,0,0,KES 100/day,"Inside market, next to stalls",7:00-17:00,1 trained caregiver per 10 children,Porridge & lunch provided,Joint County & Private (PPP),Physically accessible with staff disability-trained,100
22,2,5,10,none,3,1,0,NONE,NONE,NONE,NONE,NONE,NONE,NONE,0
22,2,6,12,A,1,0,1,KES 60/day,5-min walk,6:00-19:00,1 trained caregiver per 5 children,Bring own food,County staff,Physically accessible with staff disability-trained,60
22,2,6,12,B,2,0,0,KES 150/day,"Inside market, next to stalls",7:00-17:00,1 untrained helper per 10 children,Porridge & lunch provided,Private operator,"Physically accessible, staff not trained",150
22,2,6,12,none,3,1,0,NONE,NONE,NONE,NONE,NONE,NONE,NONE,0
23,2,1,2,A,1,0,1,KES 100/day,15-min walk,6:00-19:00,1 trained caregiver per 10 children,Porridge & lunch provided,Joint County & Private (PPP),No special accommodation,100
23,2,1,2,B,2,0,0,KES 60/day,"Inside market, next to stalls",7:00-17:00,1 trained caregiver per 5 children,Bring own food,County staff,Physically accessible with staff disability-trained,60
23,2,1,2,none,3,1,0,NONE,NONE,NONE,NONE,NONE,NONE,NONE,0
23,2,2,4,A,1,0,1,KES 100/day,5-min walk,6:00-19:00,1 untrained helper per 10 children,Porridge & lunch provided,Joint County & Private (PPP),Physically accessible with staff disability-trained,100
23,2,2,4,B,2,0,0,KES 30/day,15-min walk,7:00-17:00,1 trained caregiver per 5 children,Bring own food,County staff,No special accommodation,30
23,2,2,4,none,3,1,0,NONE,NONE,NONE,NONE,NONE,NONE,NONE,0
23,2,3,6,A,1,0,0,KES 30/day,5-min walk,7:00-17:00,1 trained caregiver per 10 children,Bring own food,Private operator,"Physically accessible, staff not trained",30
23,2,3,6,B,2,0,1,KES 60/day,"Inside market, next to stalls",6:00-19:00,1 untrained helper per 10 children,Porridge & lunch provided,County staff,No special accommodation,60
23,2,3,6,none,3,1,0,NONE,NONE,NONE,NONE,NONE,NONE,NONE,0
23,2,4,8,A,1,0,0,KES 60/day,15-min walk,7:00-17:00,1 untrained helper per 10 children,Bring own food,Committee of market traders,Physically accessible with staff disability-trained,60
23,2,4,8,B,2,0,1,KES 150/day,"Inside market, next to stalls",6:00-19:00,1 trained caregiver per 5 children,Porridge & lunch provided,Private operator,No special accommodation,150
23,2,4,8,none,3,1,0,NONE,NONE,NONE,NONE,NONE,NONE,NONE,0
23,2,5,10,A,1,0,1,KES 30/day,5-min walk,6:00-19:00,1 untrained helper per 10 children,Bring own food,County staff,"Physically accessible, staff not trained",30
23,2,5,10,B,2,0,0,KES 100/day,"Inside market, next to stalls",7:00-17:00,1 trained caregiver per 10 children,Porridge & lunch provided,Joint County & Private (PPP),Physically accessible with staff disability-trained,100
23,2,5,10,none,3,1,0,NONE,NONE,NONE,NONE,NONE,NONE,NONE,0
23,2,6,12,A,1,0,1,KES 60/day,5-min walk,6:00-19:00,1 trained caregiver per 5 children,Bring own food,County staff,Physically accessible with staff disability-trained,60
23,2,6,12,B,2,0,0,KES 150/day,"Inside market, next to stalls",7:00-17:00,1 untrained helper per 10 children,Porridge & lunch provided,Private operator,"Physically accessible, staff not trained",150
23,2,6,12,none,3,1,0,NONE,NONE,NONE,NONE,NONE,NONE,NONE,0
