rid,block,duration_min,tasks_answered,E1a,E1b,E1c,E1d,E1e,E1f,E1g,E1h,E1i,E1j,E1k,E1l,E6a,E6b,E6c,E6d,E6e,E6f,E6g
1,1,212.0,6,3 - Very important,3 - Very important,3 - Very important,3 - Very important,3 - Very important,3 - Very important,3 - Very important,3 - Very important,3 - Very important,3 - Very important,3 - Very important,2 - Somewhat important,2 - Agree,4 - Strongly disagree,2 - Agree,2 - Agree,2 - Agree,2 - Agree,2 - Agree
2,1,46.0,6,1 - Not important,3 - Very important,3 - Very important,3 - Very important,3 - Very important,3 - Very important,3 - Very important,3 - Very important,3 - Very important,2 - Somewhat important,1 - Not important,1 - Not important,2 - Agree,4 - Strongly disagree,2 - Agree,2 - Agree,2 - Agree,2 - Agree,2 - Agree
3,2,48.3,6,3 - Very important,3 - Very important,2 - Somewhat important,3 - Very important,2 - Somewhat important,2 - Somewhat important,3 - Very important,3 - Very important,3 - Very important,3 - Very important,2 - Somewhat important,2 - Somewhat important,2 - Agree,3 - Disagree,1 - Strongly agree,2 - Agree,2 - Agree,1 - Strongly agree,1 - Strongly agree
4,2,38.0,6,2 - Somewhat important,3 - Very important,3 - Very important,3 - Very important,3 - Very important,3 - Very important,3 - Very important,3 - Very important,3 - Very important,3 - Very important,2 - Somewhat important,2 - Somewhat important,3 - Disagree,3 - Disagree,2 - Agree,2 - Agree,2 - Agree,2 - Agree,2 - Agree
5,2,1084.8,6,3 - Very important,3 - Very important,3 - Very important,3 - Very important,3 - Very important,1 - Not important,2 - Somewhat important,3 - Very important,3 - Very important,2 - Somewhat important,2 - Somewhat important,2 - Somewhat important,1 - Strongly agree,3 - Disagree,1 - Strongly agree,1 - Strongly agree,2 - Agree,1 - Strongly agree,1 - Strongly agree
6,1,51.1,6,1 - Not important,1 - Not important,3 - Very important,3 - Very important,3 - Very important,3 - Very important,3 - Very important,3 - Very important,3 - Very important,3 - Very important,2 - Somewhat important,2 - Somewhat important,1 - Strongly agree,3 - Disagree,1 - Strongly agree,1 - Strongly agree,1 - Strongly agree,1 - Strongly agree,1 - Strongly agree
7,1,49.0,6,3 - Very important,3 - Very important,3 - Very important,3 - Very important,3 - Very important,3 - Very important,3 - Very important,3 - Very important,3 - Very important,3 - Very important,2 - Somewhat important,3 - Very important,2 - Agree,4 - Strongly disagree,2 - Agree,1 - Strongly agree,2 - Agree,2 - Agree,2 - Agree
8,2,37.4,6,3 - Very important,3 - Very important,3 - Very important,3 - Very important,3 - Very important,3 - Very important,3 - Very important,3 - Very important,3 - Very important,3 - Very important,3 - Very important,3 - Very important,1 - Strongly agree,4 - Strongly disagree,2 - Agree,1 - Strongly agree,2 - Agree,2 - Agree,2 - Agree
9,2,48.6,6,3 - Very important,3 - Very important,3 - Very important,3 - Very important,2 - Somewhat important,3 - Very important,3 - Very important,3 - Very important,3 - Very important,3 - Very important,3 - Very important,2 - Somewhat important,3 - Disagree,3 - Disagree,3 - Disagree,1 - Strongly agree,5 - Don't know,2 - Agree,1 - Strongly agree
10,1,48.1,6,3 - Very important,3 - Very important,3 - Very important,2 - Somewhat important,3 - Very important,3 - Very important,2 - Somewhat important,3 - Very important,3 - Very important,3 - Very important,2 - Somewhat important,2 - Somewhat important,1 - Strongly agree,3 - Disagree,2 - Agree,2 - Agree,4 - Strongly disagree,2 - Agree,1 - Strongly agree
11,1,34.4,6,3 - Very important,2 - Somewhat important,3 - Very important,1 - Not important,1 - Not important,3 - Very important,3 - Very important,3 - Very important,3 - Very important,2 - Somewhat important,2 - Somewhat important,3 - Very important,3 - Disagree,3 - Disagree,3 - Disagree,1 - Strongly agree,4 - Strongly disagree,1 - Strongly agree,1 - Strongly agree
12,2,42.5,6,2 - Somewhat important,3 - Very important,3 - Very important,3 - Very important,3 - Very important,3 - Very important,3 - Very important,3 - Very important,3 - Very important,3 - Very important,2 - Somewhat important,2 - Somewhat important,1 - Strongly agree,3 - Disagree,1 - Strongly agree,1 - Strongly agree,2 - Agree,1 - Strongly agree,2 - Agree
13,1,59.1,6,3 - Very important,3 - Very important,3 - Very important,3 - Very important,3 - Very important,3 - Very important,3 - Very important,3 - Very important,3 - Very important,3 - Very important,1 - Not important,1 - Not important,2 - Agree,4 - Strongly disagree,2 - Agree,2 - Agree,2 - Agree,2 - Agree,2 - Agree
14,1,34.1,6,3 - Very important,3 - Very important,3 - Very important,3 - Very important,3 - Very important,3 - Very important,3 - Very important,3 - Very important,3 - Very important,2 - Somewhat important,2 - Somewhat important,3 - Very important,2 - Agree,4 - Strongly disagree,2 - Agree,2 - Agree,2 - Agree,2 - Agree,2 - Agree
15,2,24.6,6,3 - Very important,2 - Somewhat important,3 - Very important,2 - Somewhat important,3 - Very important,3 - Very important,3 - Very important,3 - Very important,3 - Very important,2 - Somewhat important,2 - Somewhat important,3 - Very important,2 - Agree,3 - Disagree,2 - Agree,1 - Strongly agree,2 - Agree,1 - Strongly agree,1 - Strongly agree
16,1,30.2,6,3 - Very important,3 - Very important,3 - Very important,3 - Very important,3 - Very important,3 - Very important,3 - Very important,3 - Very important,3 - Very important,3 - Very important,3 - Very important,3 - Very important,2 - Agree,2 - Agree,1 - Strongly agree,1 - Strongly agree,1 - Strongly agree,1 - Strongly agree,2 - Agree
17,1,24.8,6,3 - Very important,3 - Very important,2 - Somewhat important,2 - Somewhat important,3 - Very important,2 - Somewhat important,3 - Very important,3 - Very important,3 - Very important,1 - Not important,3 - Very important,2 - Somewhat important,1 - Strongly agree,3 - Disagree,2 - Agree,1 - Strongly agree,2 - Agree,2 - Agree,1 - Strongly agree
18,2,34.0,6,3 - Very important,3 - Very important,3 - Very important,3 - Very important,3 - Very important,3 - Very important,3 - Very important,3 - Very important,3 - Very important,3 - Very important,2 - Somewhat important,3 - Very important,1 - Strongly agree,3 - Disagree,1 - Strongly agree,2 - Agree,1 - Strongly agree,1 - Strongly agree,1 - Strongly agree
19,1,28.0,6,2 - Somewhat important,3 - Very important,3 - Very important,3 - Very important,2 - Somewhat important,3 - Very important,3 - Very important,3 - Very important,3 - Very important,3 - Very important,2 - Somewhat important,3 - Very important,1 - Strongly agree,3 - Disagree,1 - Strongly agree,1 - Strongly agree,2 - Agree,2 - Agree,1 - Strongly agree
20,1,1012.7,6,2 - Somewhat important,3 - Very important,3 - Very important,3 - Very important,3 - Very important,3 - Very important,3 - Very important,3 - Very important,3 - Very important,3 - Very important,3 - Very important,3 - Very important,2 - Agree,4 - Strongly disagree,2 - Agree,4 - Strongly disagree,2 - Agree,1 - Strongly agree,1 - Strongly agree
21,2,31.8,6,2 - Somewhat important,1 - Not important,3 - Very important,3 - Very important,3 - Very important,2 - Somewhat important,3 - Very important,3 - Very important,3 - Very important,2 - Somewhat important,2 - Somewhat important,2 - Somewhat important,2 - Agree,4 - Strongly disagree,2 - Agree,2 - Agree,2 - Agree,2 - Agree,2 - Agree
22,2,49.1,6,2 - Somewhat important,3 - Very important,3 - Very important,3 - Very important,3 - Very important,2 - Somewhat important,3 - Very important,3 - Very important,2 - Somewhat important,4 - Would not use it without this,2 - Somewhat important,2 - Somewhat important,4 - Strongly disagree,4 - Strongly disagree,1 - Strongly agree,2 - Agree,1 - Strongly agree,1 - Strongly agree,1 - Strongly agree
23,2,31.0,6,3 - Very important,3 - Very important,3 - Very important,3 - Very important,3 - Very important,3 - Very important,3 - Very important,3 - Very important,3 - Very important,3 - Very important,3 - Very important,2 - Somewhat important,2 - Agree,4 - Strongly disagree,1 - Strongly agree,1 - Strongly agree,2 - Agree,1 - Strongly agree,1 - Strongly agree
